<?xml version="1.0" ?><com.sun.javafx.collections.ObservableListWrapper><listenerHelper class="com.sun.javafx.collections.ListListenerHelper$Generic"><changeListeners><null></null><null></null><null></null><null></null><null></null><null></null><null></null><null></null><null></null><null></null><null></null><null></null><null></null><null></null><null></null><javafx.collections.WeakListChangeListener><ref><referent class="null"></referent><queue class="java.lang.ref.ReferenceQueue$Null"><lock></lock><queueLength>0</queueLength></queue></ref></javafx.collections.WeakListChangeListener><null></null><javafx.collections.WeakListChangeListener><ref><referent class="null"></referent><queue class="java.lang.ref.ReferenceQueue$Null" reference="../../../javafx.collections.WeakListChangeListener/ref/queue"></queue></ref></javafx.collections.WeakListChangeListener><javafx.collections.WeakListChangeListener><ref><referent class="null"></referent><queue class="java.lang.ref.ReferenceQueue$Null" reference="../../../javafx.collections.WeakListChangeListener/ref/queue"></queue></ref></javafx.collections.WeakListChangeListener><null></null><null></null><null></null><null></null><null></null><null></null><null></null></changeListeners><invalidationSize>0</invalidationSize><changeSize>19</changeSize><locked>false</locked></listenerHelper><changeBuilder><list class="com.sun.javafx.collections.ObservableListWrapper" reference="../.."></list><changeLock>0</changeLock><addRemoveChanges></addRemoveChanges></changeBuilder><backingList><rukunapps.DataKeluhan><laporan>Ada Kericuhan Pada Malam Hari di gang Jambu</laporan></rukunapps.DataKeluhan><rukunapps.DataKeluhan><laporan>Ada Lubang di Jl.abimanyu yang membahayakan</laporan></rukunapps.DataKeluhan><rukunapps.DataKeluhan><laporan>Selokan Banjir</laporan></rukunapps.DataKeluhan></backingList></com.sun.javafx.collections.ObservableListWrapper>