<?xml version="1.0" encoding="UTF-8"?>
<project-private xmlns="http://www.netbeans.org/ns/project-private/1">
    <editor-bookmarks xmlns="http://www.netbeans.org/ns/editor-bookmarks/2" lastBookmarkId="0"/>
    <open-files xmlns="http://www.netbeans.org/ns/projectui-open-files/2">
        <group name="sebelumUTS">
            <file>file:/Users/adyutaindraadyatma/RukunAppsSuperFinal/src/rukunapps/ArrayList.java</file>
            <file>file:/Users/adyutaindraadyatma/RukunAppsSuperFinal/src/rukunapps/DataAkun.java</file>
        </group>
        <group name="MATERI">
            <file>file:/E:/HASAN/Project/Antares/RukunAppsSuperFinal/src/rukunapps/ScenePembayaranController_1.java</file>
            <file>file:/E:/HASAN/Project/Antares/RukunAppsSuperFinal/src/rukunapps/SceneEVotingController_1.java</file>
            <file>file:/E:/HASAN/Project/Antares/RukunAppsSuperFinal/src/rukunapps/ScenePembayaranOnlineController_1.java</file>
            <file>file:/E:/HASAN/Project/Antares/RukunAppsSuperFinal/src/rukunapps/ScenePecelPincukController_1.java</file>
            <file>file:/E:/HASAN/Project/Antares/RukunAppsSuperFinal/nbproject/jfx-impl.xml</file>
            <file>file:/E:/HASAN/Project/Antares/RukunAppsSuperFinal/src/rukunapps/SceneInputTagihanController.java</file>
            <file>file:/E:/HASAN/Project/Antares/RukunAppsSuperFinal/src/rukunapps/ScenePengumumanController.java</file>
            <file>file:/E:/HASAN/Project/Antares/RukunAppsSuperFinal/src/rukunapps/SceneHasilSuratLampiranController_1.java</file>
            <file>file:/E:/HASAN/Project/Antares/RukunAppsSuperFinal/src/rukunapps/SceneSosialController.java</file>
            <file>file:/E:/HASAN/Project/Antares/RukunAppsSuperFinal/src/rukunapps/ScenePengumuman.fxml</file>
            <file>file:/E:/HASAN/Project/Antares/RukunAppsSuperFinal/src/rukunapps/SceneInventarisController_1.java</file>
            <file>file:/E:/HASAN/Project/Antares/RukunAppsSuperFinal/src/rukunapps/SceneHasilVoteController.java</file>
            <file>file:/E:/HASAN/Project/Antares/RukunAppsSuperFinal/src/rukunapps/PindahHalaman.java</file>
            <file>file:/E:/HASAN/Project/Antares/RukunAppsSuperFinal/src/rukunapps/DataPengumuman.java</file>
            <file>file:/E:/HASAN/Project/Antares/RukunAppsSuperFinal/src/rukunapps/SceneEditAkun.fxml</file>
            <file>file:/E:/HASAN/Project/Antares/RukunAppsSuperFinal/src/rukunapps/SceneTagihanController_1.java</file>
            <file>file:/E:/HASAN/Project/Antares/RukunAppsSuperFinal/src/rukunapps/SceneHasilVoteController_1.java</file>
            <file>file:/E:/HASAN/Project/Antares/RukunAppsSuperFinal/src/rukunapps/DataVoting.java</file>
            <file>file:/E:/HASAN/Project/Antares/RukunAppsSuperFinal/src/rukunapps/ScenePengumumanController_1.java</file>
            <file>file:/E:/HASAN/Project/Antares/RukunAppsSuperFinal/src/rukunapps/SceneHasilInventarisController.java</file>
            <file>file:/E:/HASAN/Project/Antares/RukunAppsSuperFinal/src/rukunapps/SuratLampiranController_1.java</file>
            <file>file:/E:/HASAN/Project/Antares/RukunAppsSuperFinal/src/rukunapps/SceneMasukSebagaiController_1.java</file>
            <file>file:/E:/HASAN/Project/Antares/RukunAppsSuperFinal/src/rukunapps/SceneMasukSebagaiController.java</file>
            <file>file:/E:/HASAN/Project/Antares/RukunAppsSuperFinal/src/rukunapps/SceneInputPengumuman.fxml</file>
            <file>file:/E:/HASAN/Project/Antares/RukunAppsSuperFinal/src/rukunapps/SceneUmkmController.java</file>
            <file>file:/E:/HASAN/Project/Antares/RukunAppsSuperFinal/src/rukunapps/SceneUmkmController_1.java</file>
            <file>file:/E:/HASAN/Project/Antares/RukunAppsSuperFinal/src/rukunapps/SceneHasilInventarisController_1.java</file>
            <file>file:/E:/HASAN/Project/Antares/RukunAppsSuperFinal/src/rukunapps/MainMenu.fxml</file>
            <file>file:/E:/HASAN/Project/Antares/RukunAppsSuperFinal/src/rukunapps/FXMLDocumentController.java</file>
            <file>file:/E:/HASAN/Project/Antares/RukunAppsSuperFinal/src/rukunapps/SceneInputPengumumanController.java</file>
            <file>file:/E:/HASAN/Project/Antares/RukunAppsSuperFinal/src/rukunapps/DataTagihan.java</file>
            <file>file:/E:/HASAN/Project/Antares/RukunAppsSuperFinal/src/rukunapps/RukunApps.java</file>
            <file>file:/E:/HASAN/Project/Antares/RukunAppsSuperFinal/src/rukunapps/FXMLDocumentController_1.java</file>
            <file>file:/E:/HASAN/Project/Antares/RukunAppsSuperFinal/src/rukunapps/DataKeluhan.java</file>
            <file>file:/E:/HASAN/Project/Antares/RukunAppsSuperFinal/src/rukunapps/ScenePembayaranController.java</file>
            <file>file:/E:/HASAN/Project/Antares/RukunAppsSuperFinal/src/rukunapps/SceneEditAkunController.java</file>
            <file>file:/E:/HASAN/Project/Antares/RukunAppsSuperFinal/src/rukunapps/SceneLoginController.java</file>
            <file>file:/E:/HASAN/Project/Antares/RukunAppsSuperFinal/src/rukunapps/ArrayList.java</file>
            <file>file:/E:/HASAN/Project/Antares/RukunAppsSuperFinal/src/rukunapps/SceneSosialController_1.java</file>
            <file>file:/E:/HASAN/Project/Antares/RukunAppsSuperFinal/src/rukunapps/SceneAkunController1.java</file>
            <file>file:/E:/HASAN/Project/Antares/RukunAppsSuperFinal/src/rukunapps/SceneLihatAkunController.java</file>
            <file>file:/E:/HASAN/Project/Antares/RukunAppsSuperFinal/src/rukunapps/SceneEditAkunController_1.java</file>
            <file>file:/E:/HASAN/Project/Antares/RukunAppsSuperFinal/src/rukunapps/SceneEVotingController.java</file>
            <file>file:/E:/HASAN/Project/Antares/RukunAppsSuperFinal/src/rukunapps/SceneLihatAkunController_1.java</file>
            <file>file:/E:/HASAN/Project/Antares/RukunAppsSuperFinal/src/rukunapps/SceneAkunController.java</file>
            <file>file:/E:/HASAN/Project/Antares/RukunAppsSuperFinal/src/rukunapps/SceneKeluhan_1.java</file>
            <file>file:/E:/HASAN/Project/Antares/RukunAppsSuperFinal/src/rukunapps/SceneJadwal1Controller.java</file>
            <file>file:/E:/HASAN/Project/Antares/RukunAppsSuperFinal/src/rukunapps/SceneTagihanController.java</file>
            <file>file:/E:/HASAN/Project/Antares/RukunAppsSuperFinal/src/rukunapps/SceneInventarisController.java</file>
            <file>file:/E:/HASAN/Project/Antares/RukunAppsSuperFinal/src/rukunapps/SuratLampiranController.java</file>
            <file>file:/E:/HASAN/Project/Antares/RukunAppsSuperFinal/src/rukunapps/DataJadwal.java</file>
            <file>file:/E:/HASAN/Project/Antares/RukunAppsSuperFinal/src/rukunapps/OpenScene.java</file>
            <file>file:/E:/HASAN/Project/Antares/RukunAppsSuperFinal/src/rukunapps/SceneHasilJadwalRondaController_1.java</file>
            <file>file:/E:/HASAN/Project/Antares/RukunAppsSuperFinal/src/rukunapps/DataRukun.java</file>
            <file>file:/E:/HASAN/Project/Antares/RukunAppsSuperFinal/src/rukunapps/SceneHasilJadwalRondaController.java</file>
            <file>file:/E:/HASAN/Project/Antares/RukunAppsSuperFinal/src/rukunapps/SceneLoginController_1.java</file>
        </group>
    </open-files>
</project-private>
